Episode,Agent,Action,Observation,Reward,Done
0,adversary_0,2.0,"[ 0.          0.         -0.48269817  0.49207255  1.1911964  -0.94940376
  0.8301458  -0.3412094   0.57326263 -0.66528714 -0.08954533 -0.3357387
 -0.31398368 -1.3343201 ]",0.0,False
0,adversary_1,0.0,"[ 0.          0.          0.09056446 -0.1732146   0.61793375 -0.2841166
  0.25688314  0.32407773 -0.57326263  0.66528714 -0.66280794  0.32954848
 -0.8872463  -0.669033  ]",0.0,False
0,adversary_2,3.0,"[ 0.          0.         -0.5722435   0.15633386  1.2807417  -0.61366504
  0.9196911  -0.00547074  0.08954533  0.3357387   0.66280794 -0.32954848
 -0.22443835 -0.99858147]",0.0,False
0,agent_0,2.0,"[ 0.          0.         -0.7966818  -0.8422476   1.5051801   0.38491637
  1.1441294   0.9931107   0.31398368  1.3343201   0.8872463   0.669033
  0.22443835  0.99858147]",0.0,False
0,adversary_0,2.0,"[ 0.3         0.         -0.48269817  0.49207255  1.1911964  -0.94940376
  0.8301458  -0.3412094   0.57326263 -0.66528714 -0.08954533 -0.3357387
 -0.31398368 -1.3343201 ]",0.0,False
0,adversary_1,0.0,"[-0.         -0.          0.09056446 -0.1732146   0.61793375 -0.2841166
  0.25688314  0.32407773 -0.57326263  0.66528714 -0.66280794  0.32954848
 -0.8872463  -0.669033  ]",0.0,False
0,adversary_2,3.0,"[-0.         -0.3        -0.5722435   0.15633386  1.2807417  -0.61366504
  0.9196911  -0.00547074  0.08954533  0.3357387   0.66280794 -0.32954848
 -0.22443835 -0.99858147]",0.0,False
0,agent_0,2.0,"[ 0.4         0.         -0.7966818  -0.8422476   1.5051801   0.38491637
  1.1441294   0.9931107   0.31398368  1.3343201   0.8872463   0.669033
  0.22443835  0.99858147]",0.0,False
0,adversary_0,2.0,"[ 0.525       0.         -0.45269817  0.49207255  1.1611964  -0.94940376
  0.80014575 -0.3412094   0.5432626  -0.66528714 -0.11954533 -0.3657387
 -0.3039837  -1.3343201 ]",0.0,False
0,adversary_1,0.0,"[-0.         -0.          0.09056446 -0.1732146   0.61793375 -0.2841166
  0.25688314  0.32407773 -0.5432626   0.66528714 -0.66280794  0.29954848
 -0.8472463  -0.669033  ]",0.0,False
0,adversary_2,3.0,"[-0.         -0.525      -0.5722435   0.12633386  1.2807417  -0.5836651
  0.9196911   0.02452926  0.11954533  0.3657387   0.66280794 -0.29954848
 -0.18443836 -0.96858144]",0.0,False
0,agent_0,2.0,"[ 0.7         0.         -0.75668186 -0.8422476   1.46518     0.38491637
  1.1041294   0.9931107   0.3039837   1.3343201   0.8472463   0.669033
  0.18443836  0.96858144]",0.0,False
0,adversary_0,2.0,"[ 0.69375     0.         -0.40019816  0.49207255  1.1086963  -0.94940376
  0.74764574 -0.3412094   0.49076262 -0.66528714 -0.17204534 -0.41823867
 -0.2864837  -1.3343201 ]",0.0,False
0,adversary_1,0.0,"[-0.         -0.          0.09056446 -0.1732146   0.61793375 -0.2841166
  0.25688314  0.32407773 -0.49076262  0.66528714 -0.66280794  0.24704847
 -0.7772463  -0.669033  ]",0.0,False
0,adversary_2,3.0,"[-0.         -0.69375    -0.5722435   0.07383386  1.2807417  -0.53116506
  0.9196911   0.07702926  0.17204534  0.41823867  0.66280794 -0.24704847
 -0.11443836 -0.9160814 ]",0.0,False
0,agent_0,2.0,"[ 0.925       0.         -0.68668187 -0.8422476   1.3951801   0.38491637
  1.0341295   0.9931107   0.2864837   1.3343201   0.7772463   0.669033
  0.11443836  0.9160814 ]",0.0,False
0,adversary_0,2.0,"[ 0.8203125   0.         -0.33082315  0.49207255  1.0393214  -0.94940376
  0.67827076 -0.3412094   0.4213876  -0.66528714 -0.24142033 -0.48761368
 -0.26335868 -1.3343201 ]",0.0,False
0,adversary_1,0.0,"[-0.         -0.          0.09056446 -0.1732146   0.61793375 -0.2841166
  0.25688314  0.32407773 -0.4213876   0.66528714 -0.66280794  0.17767347
 -0.6847463  -0.669033  ]",0.0,False
0,adversary_2,3.0,"[-0.         -0.8203125  -0.5722435   0.00445886  1.2807417  -0.46179006
  0.9196911   0.14640425  0.24142033  0.48761368  0.66280794 -0.17767347
 -0.02193836 -0.84670645]",0.0,False
0,agent_0,4.0,"[ 1.09375     0.         -0.59418184 -0.8422476   1.3026801   0.38491637
  0.94162947  0.9931107   0.26335868  1.3343201   0.6847463   0.669033
  0.02193836  0.84670645]",0.0,False
0,adversary_0,2.0,"[ 0.9152344   0.         -0.2487919   0.49207255  0.9572901  -0.94940376
  0.5962395  -0.3412094   0.33935636 -0.66528714 -0.32345158 -0.5696449
 -0.23601495 -1.3343201 ]",0.0,False
0,adversary_1,0.0,"[-0.         -0.          0.09056446 -0.1732146   0.61793375 -0.2841166
  0.25688314  0.32407773 -0.33935636  0.66528714 -0.66280794  0.09564222
 -0.5753713  -0.669033  ]",0.0,False
0,adversary_2,3.0,"[-0.         -0.9152344  -0.5722435  -0.07757238  1.2807417  -0.3797588
  0.9196911   0.2284355   0.32345158  0.5696449   0.66280794 -0.09564222
  0.08743664 -0.7646752 ]",0.0,False
0,agent_0,4.0,"[ 0.8203125   0.4        -0.48480684 -0.8422476   1.1933051   0.38491637
  0.83225447  0.9931107   0.23601495  1.3343201   0.5753713   0.669033
 -0.08743664  0.7646752 ]",0.0,False
0,adversary_0,2.0,"[ 0.98642576  0.         -0.15726846  0.49207255  0.8657667  -0.94940376
  0.50471604 -0.3412094   0.24783292 -0.66528714 -0.41497502 -0.66116834
 -0.24550714 -1.2943201 ]",0.0,False
0,adversary_1,0.0,"[-0.         -0.          0.09056446 -0.1732146   0.61793375 -0.2841166
  0.25688314  0.32407773 -0.24783292  0.66528714 -0.66280794  0.00411878
 -0.49334008 -0.62903297]",0.0,False
0,adversary_2,3.0,"[-0.         -0.98642576 -0.5722435  -0.16909583  1.2807417  -0.2882354
  0.9196911   0.31995896  0.41497502  0.66116834  0.66280794 -0.00411878
  0.16946788 -0.63315177]",0.0,False
0,agent_0,4.0,"[ 0.6152344   0.7        -0.4027756  -0.8022476   1.1112739   0.34491637
  0.7502232   0.9531107   0.24550714  1.2943201   0.49334008  0.62903297
 -0.16946788  0.63315177]",0.0,False
0,adversary_0,2.0,"[ 1.          0.         -0.05862589  0.49207255  0.7671241  -0.94940376
  0.40607348 -0.3412094   0.14919035 -0.66528714 -0.5136176  -0.7598109
 -0.28262627 -1.2243202 ]",0.0,False
0,adversary_1,0.0,"[-0.         -0.          0.09056446 -0.1732146   0.61793375 -0.2841166
  0.25688314  0.32407773 -0.14919035  0.66528714 -0.66280794 -0.09452379
 -0.43181664 -0.559033  ]",0.0,False
0,adversary_2,3.0,"[-0.         -1.         -0.5722435  -0.2677384   1.2807417  -0.18959281
  0.9196911   0.4186015   0.5136176   0.7598109   0.66280794  0.09452379
  0.23099132 -0.4645092 ]",0.0,False
0,agent_0,4.0,"[ 0.46142578  0.925      -0.34125215 -0.7322476   1.0497504   0.27491638
  0.6886998   0.8831107   0.28262627  1.2243202   0.43181664  0.559033
 -0.23099132  0.4645092 ]",0.0,False
0,adversary_0,2.0,"[ 1.          0.          0.04137411  0.49207255  0.6671241  -0.94940376
  0.3060735  -0.3412094   0.04919035 -0.66528714 -0.6136176  -0.85981095
 -0.3364837  -1.1318201 ]",0.0,False
0,adversary_1,0.0,"[-0.         -0.          0.09056446 -0.1732146   0.61793375 -0.2841166
  0.25688314  0.32407773 -0.04919035  0.66528714 -0.66280794 -0.1945238
 -0.38567406 -0.46653298]",0.0,False
0,adversary_2,3.0,"[-0.         -1.         -0.5722435  -0.3677384   1.2807417  -0.08959281
  0.9196911   0.51860154  0.6136176   0.85981095  0.66280794  0.1945238
  0.2771339  -0.27200916]",0.0,False
0,agent_0,4.0,"[ 0.34606934  1.09375    -0.29510957 -0.63974756  1.0036079   0.18241636
  0.6425572   0.7906107   0.3364837   1.1318201   0.38567406  0.46653298
 -0.2771339   0.27200916]",0.0,False
0,adversary_0,2.0,"[ 1.          0.          0.14137411  0.49207255  0.5671241  -0.94940376
  0.2060735  -0.3412094  -0.05080965 -0.66528714 -0.7136176  -0.959811
 -0.40187675 -1.0224451 ]",0.0,False
0,adversary_1,0.0,"[-0.         -0.          0.09056446 -0.1732146   0.61793375 -0.2841166
  0.25688314  0.32407773  0.05080965  0.66528714 -0.66280794 -0.2945238
 -0.35106713 -0.35715798]",0.0,False
0,adversary_2,3.0,"[-0.         -1.         -0.5722435  -0.4677384   1.2807417   0.0104072
  0.9196911   0.6186015   0.7136176   0.959811    0.66280794  0.2945238
  0.31174085 -0.06263418]",0.0,False
0,agent_0,4.0,"[ 0.259552    1.2203125  -0.26050264 -0.53037256  0.9690009   0.07304137
  0.60795027  0.6812357   0.40187675  1.0224451   0.35106713  0.35715798
 -0.31174085  0.06263418]",0.0,False
0,adversary_0,2.0,"[ 1.          0.          0.2413741   0.49207255  0.4671241  -0.94940376
  0.10607348 -0.3412094  -0.15080965 -0.66528714 -0.8136176  -1.059811
 -0.47592157 -0.9004139 ]",0.0,False
0,adversary_1,0.0,"[-0.         -0.          0.09056446 -0.1732146   0.61793375 -0.2841166
  0.25688314  0.32407773  0.15080965  0.66528714 -0.66280794 -0.3945238
 -0.32511193 -0.23512672]",0.0,False
0,adversary_2,3.0,"[-0.         -1.         -0.5722435  -0.5677384   1.2807417   0.1104072
  0.9196911   0.7186015   0.8136176   1.059811    0.66280794  0.3945238
  0.33769605  0.15939708]",0.0,False
0,agent_0,0.0,"[ 0.19033575  1.2859908  -0.23454745 -0.40834132  0.9430457  -0.04898988
  0.58199507  0.55920446  0.47592157  0.9004139   0.32511193  0.23512672
 -0.33769605 -0.15939708]",0.0,False
0,adversary_0,2.0,"[ 1.0000000e+00  1.6178944e-38  3.4137410e-01  4.9207255e-01
  3.6712411e-01 -9.4940376e-01  6.0734865e-03 -3.4120941e-01
 -2.5080964e-01 -6.6528714e-01 -9.1361761e-01 -1.1598109e+00
 -5.5688798e-01 -7.7181476e-01]",0.0,False
0,adversary_1,0.0,"[-0.         -0.          0.09056446 -0.1732146   0.61793375 -0.2841166
  0.25688314  0.32407773  0.25080964  0.66528714 -0.66280794 -0.4945238
 -0.30607834 -0.10652764]",0.0,False
0,adversary_2,3.0,"[-0.         -1.         -0.5722435  -0.6677384   1.2807417   0.2104072
  0.9196911   0.81860155  0.9136176   1.1598109   0.66280794  0.4945238
  0.35672963  0.38799617]",0.0,False
0,agent_0,0.0,"[ 0.14275181  0.9644931  -0.21551387 -0.27974224  0.9240121  -0.17758895
  0.56296146  0.43060538  0.556888    0.77181476  0.30607834  0.10652764
 -0.35672963 -0.38799617]",0.0,False
0,adversary_0,2.0,"[ 1.0000000e+00  1.5881173e-31  4.4137409e-01  4.9207255e-01
  2.6712412e-01 -9.4940376e-01 -9.3926512e-02 -3.4120941e-01
 -3.5080963e-01 -6.6528714e-01 -1.0136176e+00 -1.2598109e+00
 -6.4261281e-01 -6.7536551e-01]",0.0,False
0,adversary_1,2.0,"[-0.         -0.          0.09056446 -0.1732146   0.61793375 -0.2841166
  0.25688314  0.32407773  0.35080963  0.66528714 -0.66280794 -0.5945238
 -0.29180315 -0.01007833]",0.0,False
0,adversary_2,3.0,"[-0.         -1.         -0.5722435  -0.7677384   1.2807417   0.3104072
  0.9196911   0.9186015   1.0136176   1.2598109   0.66280794  0.5945238
  0.3710048   0.5844455 ]",0.0,False
0,agent_0,0.0,"[ 0.10706385  0.72336984 -0.20123869 -0.18329294  0.90973693 -0.27403826
  0.54868627  0.33415607  0.6426128   0.6753655   0.29180315  0.01007833
 -0.3710048  -0.5844455 ]",0.0,False
0,adversary_0,2.0,"[ 1.0000000e+00  1.1343745e-31  5.4137409e-01  4.9207255e-01
  1.6712412e-01 -9.4940376e-01 -1.9392651e-01 -3.4120941e-01
 -4.5080966e-01 -6.6528714e-01 -1.1136175e+00 -1.3598109e+00
 -7.3190641e-01 -6.0302848e-01]",0.0,False
0,adversary_1,2.0,"[ 0.3        -0.          0.09056446 -0.1732146   0.61793375 -0.2841166
  0.25688314  0.32407773  0.45080966  0.66528714 -0.66280794 -0.6945238
 -0.28109676  0.06225865]",0.0,False
0,adversary_2,3.0,"[-0.         -1.         -0.5722435  -0.8677384   1.2807417   0.4104072
  0.9196911   1.0186015   1.1136175   1.359811    0.66280794  0.6945238
  0.38171118  0.7567825 ]",0.0,False
0,agent_0,0.0,"[ 0.08029789  0.5425274  -0.19053231 -0.11095596  0.89903057 -0.34637526
  0.5379799   0.26181906  0.7319064   0.6030285   0.28109676 -0.06225865
 -0.38171118 -0.7567825 ]",0.0,False
0,adversary_0,2.0,"[ 1.0000000e+00  8.1026749e-32  6.4137411e-01  4.9207255e-01
  6.7124121e-02 -9.4940376e-01 -2.9392651e-01 -3.4120941e-01
 -5.2080965e-01 -6.6528714e-01 -1.2136176e+00 -1.4598110e+00
 -8.2387662e-01 -5.4877579e-01]",0.0,False
0,adversary_1,2.0,"[ 0.525      -0.          0.12056446 -0.1732146   0.5879338  -0.2841166
  0.22688313  0.32407773  0.52080965  0.66528714 -0.692808   -0.7945238
 -0.30306697  0.11651138]",0.0,False
0,adversary_2,3.0,"[-0.         -1.         -0.5722435  -0.9677384   1.2807417   0.5104072
  0.9196911   1.1186016   1.2136176   1.459811    0.692808    0.7945238
  0.38974097  0.9110352 ]",0.0,False
0,agent_0,0.0,"[ 0.06022342  0.40689552 -0.18250252 -0.05670322  0.89100075 -0.40062797
  0.52995014  0.20756634  0.8238766   0.5487758   0.30306697 -0.11651138
 -0.38974097 -0.9110352 ]",0.0,False
0,adversary_0,2.0,"[ 1.0000000e+00  5.7876246e-32  7.4137414e-01  4.9207255e-01
 -3.2875881e-02 -9.4940376e-01 -3.9392650e-01 -3.4120941e-01
 -5.6830966e-01 -6.6528714e-01 -1.3136176e+00 -1.5598110e+00
 -9.1785431e-01 -5.0808620e-01]",0.0,False
0,adversary_1,2.0,"[ 0.69375    -0.          0.17306446 -0.1732146   0.53543377 -0.2841166
  0.17438313  0.32407773  0.56830966  0.66528714 -0.7453079  -0.8945238
 -0.34954464  0.15720093]",0.0,False
0,adversary_2,3.0,"[-0.        -1.        -0.5722435 -1.0677384  1.2807417  0.6104072
  0.9196911  1.2186015  1.3136176  1.559811   0.7453079  0.8945238
  0.3957633  1.0517248]",0.0,False
0,agent_0,0.0,"[ 0.04516757  0.30517164 -0.17648017 -0.01601367  0.8849784  -0.44131753
  0.52392775  0.1668768   0.9178543   0.5080862   0.34954464 -0.15720093
 -0.3957633  -1.0517248 ]",0.0,False
0,adversary_0,2.0,"[ 1.0000000e+00  4.1340176e-32  8.4137410e-01  4.9207255e-01
 -1.3287587e-01 -9.4940376e-01 -4.9392653e-01 -3.4120941e-01
 -5.9893465e-01 -6.6528714e-01 -1.4136176e+00 -1.6598109e+00
 -1.0133375e+00 -4.7756904e-01]",0.0,False
0,adversary_1,3.0,"[ 8.2031250e-01 -3.5312721e-43  2.4243946e-01 -1.7321460e-01
  4.6605876e-01 -2.8411660e-01  1.0500813e-01  3.2407773e-01
  5.9893465e-01  6.6528714e-01 -8.1468296e-01 -9.9452382e-01
 -4.1440287e-01  1.8771809e-01]",0.0,False
0,adversary_2,3.0,"[-0.         -1.         -0.5722435  -1.1677384   1.2807417   0.7104072
  0.9196911   1.3186015   1.4136176   1.6598109   0.81468296  0.9945238
  0.40028006  1.1822419 ]",0.0,False
0,agent_0,0.0,"[ 0.03387567  0.22887874 -0.17196342  0.01450349  0.88046163 -0.4718347
  0.519411    0.13635963  1.0133375   0.47756904  0.41440287 -0.1877181
 -0.40028006 -1.1822419 ]",0.0,False
0,adversary_0,2.0,"[ 1.0000000e+00  2.9528697e-32  9.4137412e-01  4.9207255e-01
 -2.3287588e-01 -9.4940376e-01 -5.9392649e-01 -3.4120941e-01
 -6.1690342e-01 -6.6528714e-01 -1.5136176e+00 -1.7598109e+00
 -1.1099499e+00 -4.5468119e-01]",0.0,False
0,adversary_1,3.0,"[ 0.6152344  -0.3         0.3244707  -0.1732146   0.3840275  -0.2841166
  0.02297688  0.32407773  0.6169034   0.66528714 -0.8967142  -1.0945238
 -0.49304655  0.21060598]",0.0,False
0,adversary_2,3.0,"[-0.         -1.         -0.5722435  -1.2677385   1.2807417   0.8104072
  0.9196911   1.4186015   1.5136176   1.7598109   0.8967142   1.0945238
  0.40366763  1.3051298 ]",0.0,False
0,agent_0,0.0,"[ 0.02540676  0.17165905 -0.16857585  0.03739137  0.87707406 -0.49472257
  0.51602346  0.11347175  1.10995     0.4546812   0.49304655 -0.21060598
 -0.40366763 -1.3051298 ]",0.0,False
0,adversary_0,2.0,"[ 1.0000000e+00  2.1091927e-32  1.0413741e+00  4.9207255e-01
 -3.3287588e-01 -9.4940376e-01 -6.9392651e-01 -3.4120941e-01
 -6.5537995e-01 -6.9528717e-01 -1.6136175e+00 -1.8598109e+00
 -1.2074093e+00 -4.3751526e-01]",0.0,False
0,adversary_1,3.0,"[ 0.46142578 -0.525       0.38599414 -0.2032146   0.32250407 -0.2541166
 -0.03854655  0.35407773  0.65537995  0.69528717 -0.95823765 -1.1645238
 -0.5520293   0.25777188]",0.0,False
0,adversary_2,3.0,"[-0.         -1.         -0.5722435  -1.3677384   1.2807417   0.9104072
  0.9196911   1.5186015   1.6136175   1.859811    0.95823765  1.1645238
  0.4062083   1.4222957 ]",0.0,False
0,agent_0,0.0,"[ 0.01905507  0.12874429 -0.16603518  0.05455727  0.8745334  -0.5118885
  0.51348275  0.09630585  1.2074093   0.43751526  0.5520293  -0.25777188
 -0.4062083  -1.4222957 ]",0.0,False
0,adversary_0,2.0,"[ 1.0000000e+00  1.5065662e-32  1.1413741e+00  4.9207255e-01
 -4.3287587e-01 -9.4940376e-01 -7.9392654e-01 -3.4120941e-01
 -7.0923740e-01 -7.4778712e-01 -1.7136176e+00 -1.9598110e+00
 -1.3055037e+00 -4.2464083e-01]",0.0,False
0,adversary_1,3.0,"[ 0.34606934 -0.69375     0.4321367  -0.2557146   0.2763615  -0.2016166
 -0.08468913  0.40657774  0.7092374   0.7477871  -1.0043802  -1.2120239
 -0.5962664   0.3231463 ]",0.0,False
0,adversary_2,3.0,"[-0.        -1.        -0.5722435 -1.4677384  1.2807417  1.0104072
  0.9196911  1.6186016  1.7136176  1.959811   1.0043802  1.2120239
  0.4081138  1.5351701]",0.0,False
0,agent_0,0.0,"[ 0.0142913   0.09655821 -0.16412967  0.0674317   0.8726279  -0.5247629
  0.51157725  0.08343142  1.3055037   0.42464083  0.5962664  -0.3231463
 -0.4081138  -1.5351701 ]",0.0,False
0,adversary_0,2.0,"[ 1.0000000e+00  1.0761187e-32  1.2413741e+00  4.9207255e-01
 -5.3287590e-01 -9.4940376e-01 -8.9392650e-01 -3.4120941e-01
 -7.7463043e-01 -8.1716216e-01 -1.8136176e+00 -2.0598109e+00
 -1.4040747e+00 -4.1498503e-01]",0.0,False
0,adversary_1,3.0,"[ 0.259552   -0.8203125   0.46674365 -0.3250896   0.24175456 -0.1322416
 -0.11929607  0.4759527   0.7746304   0.81716216 -1.0389872  -1.2426488
 -0.6294442   0.40217713]",0.0,False
0,adversary_2,3.0,"[-0.         -1.         -0.5722435  -1.5677384   1.2807417   1.1104072
  0.9196911   1.7186015   1.8136176   2.0598109   1.0389872   1.2426488
  0.40954295  1.6448259 ]",0.0,False
0,agent_0,0.0,"[ 0.01071848  0.07241866 -0.16270055  0.07708752  0.8711988  -0.5344187
  0.51014817  0.0737756   1.4040747   0.41498503  0.6294442  -0.40217713
 -0.40954295 -1.6448259 ]",0.0,False
0,adversary_0,2.0,"[ 1.0000000e+00  7.6865627e-33  1.3413742e+00  4.9207255e-01
 -6.3287586e-01 -9.4940376e-01 -9.9392653e-01 -3.4120941e-01
 -8.4867525e-01 -8.9919341e-01 -1.9136176e+00 -2.1598110e+00
 -1.5030028e+00 -4.0774316e-01]",0.0,False
0,adversary_1,3.0,"[ 0.1906987  -0.9130653   0.49269885 -0.40712085  0.21579936 -0.05021035
 -0.14525126  0.557984    0.84867525  0.8991934  -1.0649424  -1.2606175
 -0.6543276   0.49145025]",0.0,False
0,adversary_2,3.0,"[-0.        -1.        -0.5722435 -1.6677384  1.2807417  1.2104071
  0.9196911  1.8186015  1.9136176  2.159811   1.0649424  1.2606175
  0.4106148  1.7520678]",0.0,False
0,agent_0,0.0,"[ 0.00803886  0.05431399 -0.1616287   0.08432939  0.8701269  -0.5416606
  0.5090763   0.06653373  1.5030028   0.40774316  0.6543276  -0.49145025
 -0.4106148  -1.7520678 ]",0.0,False
0,adversary_0,2.0,"[ 1.0000000e+00  5.4904017e-33  1.4413741e+00  4.9207255e-01
 -7.3287588e-01 -9.4940376e-01 -1.0939265e+00 -3.4120941e-01
 -9.2960536e-01 -9.9049991e-01 -2.0136175e+00 -2.2598109e+00
 -1.6021990e+00 -4.0231174e-01]",0.0,False
0,adversary_1,3.0,"[-0.3774374  -0.8637025   0.51176876 -0.4984274   0.1967295   0.04109618
 -0.16432114  0.6492905   0.92960536  0.9904999  -1.0840123  -1.2693111
 -0.67259353  0.5881882 ]",0.0,False
0,adversary_2,3.0,"[-0.         -1.         -0.5722435  -1.7677385   1.2807417   1.3104072
  0.9196911   1.9186015   2.0136175   2.259811    1.0840123   1.2693111
  0.41141868  1.8574992 ]",0.0,False
0,agent_0,0.0,"[ 0.00602914  0.0407355  -0.1608248   0.08976079  0.869323   -0.547092
  0.5082724   0.06110233  1.602199    0.40231174  0.67259353 -0.5881882
 -0.41141868 -1.8574992 ]",0.0,False
0,adversary_0,2.0,"[ 1.0000000e+00  3.9217155e-33  1.5413741e+00  4.9207255e-01
 -8.3287591e-01 -9.4940376e-01 -1.1939266e+00 -3.4120941e-01
 -1.0673491e+00 -1.0768702e+00 -2.1136177e+00 -2.3598108e+00
 -1.7015960e+00 -3.9823821e-01]",0.0,False
0,adversary_1,0.0,"[-0.6757713  -0.73711133  0.47402498 -0.5847976   0.23447324  0.12746643
 -0.12657739  0.73566073  1.0673491   1.0768702  -1.0462685  -1.2829407
 -0.6342469   0.67863196]",0.0,False
0,adversary_2,3.0,"[-0.        -1.        -0.5722435 -1.8677384  1.2807417  1.4104072
  0.9196911  2.0186014  2.1136177  2.3598108  1.0462685  1.2829407
  0.4120216  1.9615728]",0.0,False
0,agent_0,0.0,"[ 0.00452186  0.03055162 -0.16022189  0.09383434  0.8687201  -0.5511655
  0.5076695   0.05702878  1.701596    0.3982382   0.6342469  -0.67863196
 -0.4120216  -1.9615728 ]",0.0,False
0,adversary_0,2.0,"[ 1.0000000e+00  2.8012254e-33  1.6413741e+00  4.9207255e-01
 -9.3287587e-01 -9.4940376e-01 -1.2939265e+00 -3.4120941e-01
 -1.2349262e+00 -1.1505814e+00 -2.2136176e+00 -2.4598110e+00
 -1.8011438e+00 -3.9518303e-01]",0.0,False
0,adversary_1,3.0,"[-0.5781634  -0.59161323  0.40644786 -0.6585088   0.30205038  0.20117757
 -0.05900026  0.8093719   1.2349262   1.1505814  -0.97869134 -1.3092296
 -0.56621754  0.7553983 ]",0.0,False
0,adversary_2,3.0,"[-0.         -1.         -0.5722435  -1.9677384   1.2807417   1.5104072
  0.9196911   2.1186016   2.2136176   2.459811    0.97869134  1.3092296
  0.41247377  2.064628  ]",0.0,False
0,agent_0,0.0,"[ 0.00339139  0.02291372 -0.15976971  0.0968895   0.86826795 -0.55422074
  0.5072173   0.05397362  1.8011438   0.39518303  0.56621754 -0.7553983
 -0.41247377 -2.064628  ]",0.0,False
0,adversary_0,,"[ 1.0000000e+00  2.0008752e-33  1.7413741e+00  4.9207255e-01
 -1.0328759e+00 -9.4940376e-01 -1.3939265e+00 -3.4120941e-01
 -1.3927426e+00 -1.2097427e+00 -2.3136177e+00 -2.5598109e+00
 -1.9008046e+00 -3.9289168e-01]",0.0,True
0,adversary_1,,"[-4.3362254e-01 -7.4370992e-01  3.4863153e-01 -7.1767008e-01
  3.5986671e-01  2.6033890e-01 -1.1839244e-03  8.6853319e-01
  1.3927426e+00  1.2097427e+00 -9.2087501e-01 -1.3500683e+00
 -5.0806206e-01  8.1685096e-01]",0.0,True
0,adversary_2,,"[-0.         -1.         -0.5722435  -2.0677383   1.2807417   1.6104072
  0.9196911   2.2186015   2.3136177   2.5598109   0.920875    1.3500683
  0.41281292  2.1669192 ]",0.0,True
0,agent_0,,"[ 0.00254354  0.01718529 -0.15943058  0.09918087  0.8679288  -0.55651206
  0.50687814  0.05168225  1.9008046   0.39289168  0.50806206 -0.81685096
 -0.41281292 -2.1669192 ]",0.0,True
1,adversary_0,2.0,"[ 0.          0.         -0.6659948  -0.70224994  0.24829231  0.21634564
  0.6229728   0.96703035  1.1512095   0.53793573  0.4722563  -0.03070757
  0.31775686  0.46429548]",0.0,False
1,adversary_1,0.0,"[ 0.          0.          0.48521462 -0.1643142  -0.90291715 -0.3215901
 -0.5282366   0.42909458 -1.1512095  -0.53793573 -0.6789531  -0.5686433
 -0.8334526  -0.07364026]",0.0,False
1,adversary_2,3.0,"[ 0.          0.         -0.1937385  -0.7329575  -0.22396399  0.2470532
  0.1507165   0.9977379  -0.4722563   0.03070757  0.6789531   0.5686433
 -0.15449944  0.49500304]",0.0,False
1,agent_0,0.0,"[ 0.          0.         -0.34823796 -0.23795445 -0.06946454 -0.24794984
  0.30521595  0.50273484 -0.31775686 -0.46429548  0.8334526   0.07364026
  0.15449944 -0.49500304]",0.0,False
1,adversary_0,2.0,"[ 3.0000001e-01 -1.6779353e-26 -6.6599482e-01 -7.0224994e-01
  2.4829231e-01  2.1634564e-01  6.2297279e-01  9.6703035e-01
  1.1512095e+00  5.3793573e-01  4.7225630e-01 -3.0707570e-02
  3.1775686e-01  4.6429548e-01]",0.0,False
1,adversary_1,0.0,"[ 0.         -0.          0.48521462 -0.1643142  -0.90291715 -0.3215901
 -0.5282366   0.42909458 -1.1512095  -0.53793573 -0.6789531  -0.5686433
 -0.8334526  -0.07364026]",0.0,False
1,adversary_2,3.0,"[ 2.7450684e-28 -3.0000001e-01 -1.9373851e-01 -7.3295748e-01
 -2.2396399e-01  2.4705321e-01  1.5071650e-01  9.9773788e-01
 -4.7225630e-01  3.0707570e-02  6.7895311e-01  5.6864327e-01
 -1.5449944e-01  4.9500304e-01]",0.0,False
1,agent_0,0.0,"[ 1.4968695e-06  5.3429931e-06 -3.4823796e-01 -2.3795445e-01
 -6.9464542e-02 -2.4794984e-01  3.0521595e-01  5.0273484e-01
 -3.1775686e-01 -4.6429548e-01  8.3345258e-01  7.3640257e-02
  1.5449944e-01 -4.9500304e-01]",0.0,False
1,adversary_0,2.0,"[ 5.2499998e-01 -2.9363868e-26 -6.3599479e-01 -7.0224994e-01
  2.1829231e-01  2.1634564e-01  5.9297282e-01  9.6703035e-01
  1.1212094e+00  5.3793573e-01  4.4225630e-01 -6.0707569e-02
  2.8775701e-01  4.6429601e-01]",0.0,False
1,adversary_1,0.0,"[ 0.         -0.          0.48521462 -0.1643142  -0.90291715 -0.3215901
 -0.5282366   0.42909458 -1.1212094  -0.53793573 -0.6789531  -0.5986433
 -0.8334524  -0.07363972]",0.0,False
1,adversary_2,3.0,"[ 4.8038697e-28 -5.2499998e-01 -1.9373851e-01 -7.6295751e-01
 -2.2396399e-01  2.7705321e-01  1.5071650e-01  1.0277379e+00
 -4.4225630e-01  6.0707569e-02  6.7895311e-01  5.9864330e-01
 -1.5449929e-01  5.2500355e-01]",0.0,False
1,agent_0,0.0,"[ 2.6195216e-06  9.3502376e-06 -3.4823781e-01 -2.3795392e-01
 -6.9464691e-02 -2.4795038e-01  3.0521581e-01  5.0273430e-01
 -2.8775701e-01 -4.6429601e-01  8.3345240e-01  7.3639721e-02
  1.5449929e-01 -5.2500355e-01]",0.0,False
1,adversary_0,2.0,"[ 6.9375002e-01 -6.3546476e-17 -5.8349478e-01 -7.0224994e-01
  1.6579230e-01  2.1634564e-01  5.4047281e-01  9.6703035e-01
  1.0687094e+00  5.3793573e-01  3.8975629e-01 -1.1320757e-01
  2.3525727e-01  4.6429694e-01]",0.0,False
1,adversary_1,0.0,"[ 0.         -0.          0.48521462 -0.1643142  -0.90291715 -0.3215901
 -0.5282366   0.42909458 -1.0687094  -0.53793573 -0.6789531  -0.6511433
 -0.83345217 -0.07363879]",0.0,False
1,adversary_2,3.0,"[ 3.6029021e-28 -6.9375002e-01 -1.9373851e-01 -8.1545746e-01
 -2.2396399e-01  3.2955319e-01  1.5071650e-01  1.0802379e+00
 -3.8975629e-01  1.1320757e-01  6.7895311e-01  6.5114331e-01
 -1.5449904e-01  5.7750452e-01]",0.0,False
1,agent_0,0.0,"[ 3.4606805e-06  1.2352708e-05 -3.4823754e-01 -2.3795298e-01
 -6.9464952e-02 -2.4795131e-01  3.0521554e-01  5.0273341e-01
 -2.3525727e-01 -4.6429694e-01  8.3345217e-01  7.3638789e-02
  1.5449904e-01 -5.7750452e-01]",0.0,False
1,adversary_0,2.0,"[ 0.8049992  -0.01998268 -0.5141198  -0.70224994  0.09641731  0.21634564
  0.4710978   0.96703035  0.99933445  0.53793573  0.32038128 -0.18258257
  0.1658826   0.4642982 ]",0.0,False
1,adversary_1,0.0,"[ 0.         -0.          0.48521462 -0.1643142  -0.90291715 -0.3215901
 -0.5282366   0.42909458 -0.99933445 -0.53793573 -0.6789531  -0.7205183
 -0.8334518  -0.07363755]",0.0,False
1,adversary_2,3.0,"[ 2.7021767e-28 -8.2031250e-01 -1.9373851e-01 -8.8483250e-01
 -2.2396399e-01  3.9892820e-01  1.5071650e-01  1.1496129e+00
 -3.2038128e-01  1.8258257e-01  6.7895311e-01  7.2051829e-01
 -1.5449868e-01  6.4688075e-01]",0.0,False
1,agent_0,0.0,"[ 4.0900982e-06  1.4599379e-05 -3.4823719e-01 -2.3795174e-01
 -6.9465302e-02 -2.4795255e-01  3.0521518e-01  5.0273216e-01
 -1.6588260e-01 -4.6429819e-01  8.3345181e-01  7.3637553e-02
  1.5449868e-01 -6.4688075e-01]",0.0,False
1,adversary_0,2.0,"[ 0.7484857  -0.3633749  -0.4336199  -0.7042482   0.01591739  0.2183439
  0.39059788  0.9690286   0.9188345   0.539934    0.23988138 -0.26261556
  0.0853831   0.4662979 ]",0.0,False
1,adversary_1,0.0,"[ 0.         -0.          0.48521462 -0.1643142  -0.90291715 -0.3215901
 -0.5282366   0.42909458 -0.9188345  -0.539934   -0.6789531  -0.80254954
 -0.8334514  -0.07363609]",0.0,False
1,adversary_2,3.0,"[ 2.0266325e-28 -9.1523439e-01 -1.9373851e-01 -9.6686375e-01
 -2.2396399e-01  4.8095945e-01  1.5071650e-01  1.2316442e+00
 -2.3988138e-01  2.6261556e-01  6.7895311e-01  8.0254954e-01
 -1.5449828e-01  7.2891343e-01]",0.0,False
1,agent_0,0.0,"[ 4.5602460e-06  1.6277545e-05 -3.4823680e-01 -2.3795028e-01
 -6.9465712e-02 -2.4795401e-01  3.0521479e-01  5.0273067e-01
 -8.5383102e-02 -4.6629789e-01  8.3345139e-01  7.3636092e-02
  1.5449828e-01 -7.2891343e-01]",0.0,False
1,adversary_0,2.0,"[ 0.7022886  -0.7118923  -0.35877132 -0.7405857  -0.05893118  0.25468138
  0.31574932  1.0053661   0.8439859   0.5762715   0.16503282 -0.3178015
  0.01053499  0.502637  ]",0.0,False
1,adversary_1,0.0,"[ 0.         -0.          0.48521462 -0.1643142  -0.90291715 -0.3215901
 -0.5282366   0.42909458 -0.8439859  -0.5762715  -0.6789531  -0.894073
 -0.833451   -0.07363446]",0.0,False
1,adversary_2,3.0,"[ 1.5199744e-28 -9.8642576e-01 -1.9373851e-01 -1.0583872e+00
 -2.2396399e-01  5.7248288e-01  1.5071650e-01  1.3231676e+00
 -1.6503282e-01  3.1780151e-01  6.7895311e-01  8.9407301e-01
 -1.5449782e-01  8.2043850e-01]",0.0,False
1,agent_0,0.0,"[ 4.91059609e-06  1.75281002e-05 -3.48236322e-01 -2.37948656e-01
 -6.94661662e-02 -2.47955635e-01  3.05214316e-01  5.02729058e-01
 -1.05349915e-02 -5.02637029e-01  8.33450973e-01  7.36344606e-02
  1.54497817e-01 -8.20438504e-01]",0.0,False
1,adversary_0,2.0,"[ 0.78958154 -0.6136457  -0.28854245 -0.8117749  -0.12916003  0.32587063
  0.24552046  1.0765554   0.7737571   0.6474607   0.09480395 -0.34525484
 -0.05969338  0.573828  ]",0.0,False
1,adversary_1,0.0,"[ 0.         -0.          0.48521462 -0.1643142  -0.90291715 -0.3215901
 -0.5282366   0.42909458 -0.7737571  -0.6474607  -0.6789531  -0.99271554
 -0.83345044 -0.07363271]",0.0,False
1,adversary_2,3.0,"[ 1.0963258e-28 -1.0000000e+00 -1.9373851e-01 -1.1570297e+00
 -2.2396399e-01  6.7112547e-01  1.5071650e-01  1.4218102e+00
 -9.4803952e-02  3.4525484e-01  6.7895311e-01  9.9271554e-01
 -1.5449733e-01  9.1908288e-01]",0.0,False
1,agent_0,0.0,"[ 5.1708421e-06  1.8457034e-05 -3.4823585e-01 -2.3794691e-01
 -6.9466658e-02 -2.4795738e-01  3.0521384e-01  5.0272733e-01
  5.9693381e-02 -5.7382798e-01  8.3345044e-01  7.3632710e-02
  1.5449733e-01 -9.1908288e-01]",0.0,False
1,adversary_0,2.0,"[ 0.8887217  -0.4584471  -0.20958431 -0.8731395  -0.20811819  0.3872352
  0.1665623   1.1379199   0.69479895  0.7088253   0.0158458  -0.38389027
 -0.13865101  0.6351944 ]",0.0,False
1,adversary_1,0.0,"[ 0.         -0.          0.48521462 -0.1643142  -0.90291715 -0.3215901
 -0.5282366   0.42909458 -0.69479895 -0.7088253  -0.6789531  -1.0927156
 -0.83344996 -0.07363086]",0.0,False
1,adversary_2,3.0,"[ 7.8308986e-29 -1.0000000e+00 -1.9373851e-01 -1.2570298e+00
 -2.2396399e-01  7.7112550e-01  1.5071650e-01  1.5218102e+00
 -1.5845798e-02  3.8389027e-01  6.7895311e-01  1.0927156e+00
 -1.5449682e-01  1.0190847e+00]",0.0,False
1,agent_0,0.0,"[ 5.3633212e-06  1.9144078e-05 -3.4823531e-01 -2.3794506e-01
 -6.9467172e-02 -2.4795923e-01  3.0521330e-01  5.0272548e-01
  1.3865101e-01 -6.3519442e-01  8.3344996e-01  7.3630862e-02
  1.5449682e-01 -1.0190847e+00]",0.0,False
1,adversary_0,2.0,"[ 0.9421605  -0.33516216 -0.12071214 -0.9189842  -0.29699036  0.4330799
  0.07769013  1.1837646   0.60592675  0.75467    -0.07302637 -0.43804556
 -0.22752264  0.68104106]",0.0,False
1,adversary_1,0.0,"[ 0.         -0.          0.48521462 -0.1643142  -0.90291715 -0.3215901
 -0.5282366   0.42909458 -0.60592675 -0.75467    -0.6789531  -1.1927155
 -0.8334494  -0.07362895]",0.0,False
1,adversary_2,3.0,"[ 5.5934988e-29 -1.0000000e+00 -1.9373851e-01 -1.3570298e+00
 -2.2396399e-01  8.7112546e-01  1.5071650e-01  1.6218102e+00
  7.3026374e-02  4.3804556e-01  6.7895311e-01  1.1927155e+00
 -1.5449628e-01  1.1190866e+00]",0.0,False
1,agent_0,0.0,"[ 5.5048372e-06  1.9649211e-05 -3.4823477e-01 -2.3794314e-01
 -6.9467708e-02 -2.4796115e-01  3.0521277e-01  5.0272352e-01
  2.2752264e-01 -6.8104106e-01  8.3344942e-01  7.3628947e-02
  1.5449628e-01 -1.1190866e+00]",0.0,False
1,adversary_0,2.0,"[ 0.97020674 -0.24227847 -0.02649609 -0.9525004  -0.3912064   0.46659613
 -0.01652592  1.2172809   0.5117107   0.7881862  -0.16724242 -0.50452936
 -0.32173815  0.7145592 ]",0.0,False
1,adversary_1,0.0,"[ 0.         -0.          0.48521462 -0.1643142  -0.90291715 -0.3215901
 -0.5282366   0.42909458 -0.5117107  -0.7881862  -0.6789531  -1.2927155
 -0.8334488  -0.07362699]",0.0,False
1,adversary_2,3.0,"[ 3.9953564e-29 -1.0000000e+00 -1.9373851e-01 -1.4570297e+00
 -2.2396399e-01  9.7112548e-01  1.5071650e-01  1.7218101e+00
  1.6724242e-01  5.0452936e-01  6.7895311e-01  1.2927155e+00
 -1.5449573e-01  1.2190886e+00]",0.0,False
1,agent_0,0.0,"[ 5.6080312e-06  2.0017556e-05 -3.4823424e-01 -2.3794118e-01
 -6.9468260e-02 -2.4796312e-01  3.0521223e-01  5.0272161e-01
  3.2173815e-01 -7.1455920e-01  8.3344883e-01  7.3626988e-02
  1.5449573e-01 -1.2190886e+00]",0.0,False
1,adversary_0,2.0,"[ 0.9847248  -0.17411797  0.07052458 -0.97672826 -0.48822707  0.49082395
 -0.11354659  1.2415086   0.41469005  0.81241405 -0.2642631  -0.5803015
 -0.41875827  0.7387891 ]",0.0,False
1,adversary_1,0.0,"[ 0.         -0.          0.48521462 -0.1643142  -0.90291715 -0.3215901
 -0.5282366   0.42909458 -0.41469005 -0.81241405 -0.6789531  -1.3927156
 -0.8334483  -0.07362498]",0.0,False
1,adversary_2,3.0,"[ 2.8538261e-29 -1.0000000e+00 -1.9373851e-01 -1.5570297e+00
 -2.2396399e-01  1.0711255e+00  1.5071650e-01  1.8218101e+00
  2.6426309e-01  5.8030152e-01  6.7895311e-01  1.3927156e+00
 -1.5449516e-01  1.3190906e+00]",0.0,False
1,agent_0,0.0,"[ 5.6824115e-06  2.0283052e-05 -3.4823367e-01 -2.3793918e-01
 -6.9468819e-02 -2.4796511e-01  3.0521166e-01  5.0271958e-01
  4.1875827e-01 -7.3878908e-01  8.3344829e-01  7.3624983e-02
  1.5449516e-01 -1.3190906e+00]",0.0,False
1,adversary_0,2.0,"[ 0.992187   -0.12475951  0.16899706 -0.99414    -0.58669955  0.50823575
 -0.21201907  1.2589204   0.31621757  0.8298259  -0.36273557 -0.6628897
 -0.51723015  0.7562029 ]",0.0,False
1,adversary_1,0.0,"[ 0.         -0.          0.48521462 -0.1643142  -0.90291715 -0.3215901
 -0.5282366   0.42909458 -0.31621757 -0.8298259  -0.6789531  -1.4927156
 -0.83344775 -0.07362296]",0.0,False
1,adversary_2,3.0,"[ 2.0384471e-29 -1.0000000e+00 -1.9373851e-01 -1.6570297e+00
 -2.2396399e-01  1.1711254e+00  1.5071650e-01  1.9218102e+00
  3.6273557e-01  6.6288972e-01  6.7895311e-01  1.4927156e+00
 -1.5449460e-01  1.4190927e+00]",0.0,False
1,agent_0,0.0,"[ 5.7351317e-06  2.0471234e-05 -3.4823310e-01 -2.3793715e-01
 -6.9469392e-02 -2.4796714e-01  3.0521110e-01  5.0271755e-01
  5.1723015e-01 -7.5620288e-01  8.3344775e-01  7.3622957e-02
  1.5449460e-01 -1.4190927e+00]",0.0,False
1,adversary_0,2.0,"[ 0.9960087  -0.08925637  0.26821578 -1.006616   -0.6859183   0.5207117
 -0.31123778  1.2713964   0.21699886  0.8423018  -0.46195427 -0.7504138
 -0.6164483   0.7686809 ]",0.0,False
1,adversary_1,0.0,"[ 0.         -0.          0.48521462 -0.1643142  -0.90291715 -0.3215901
 -0.5282366   0.42909458 -0.21699886 -0.8423018  -0.6789531  -1.5927156
 -0.83344716 -0.07362091]",0.0,False
1,adversary_2,3.0,"[ 1.4560337e-29 -1.0000000e+00 -1.9373851e-01 -1.7570298e+00
 -2.2396399e-01  1.2711254e+00  1.5071650e-01  2.0218101e+00
  4.6195427e-01  7.5041378e-01  6.7895311e-01  1.5927156e+00
 -1.5449402e-01  1.5190947e+00]",0.0,False
1,agent_0,0.0,"[ 5.7715724e-06  2.0601308e-05 -3.4823254e-01 -2.3793511e-01
 -6.9469966e-02 -2.4796918e-01  3.0521053e-01  5.0271553e-01
  6.1644828e-01 -7.6868087e-01  8.3344716e-01  7.3620908e-02
  1.5449402e-01 -1.5190947e+00]",0.0,False
1,adversary_0,2.0,"[ 0.9979623  -0.06380654  0.36781663 -1.0155417  -0.7855191   0.52963734
 -0.41083863  1.2803221   0.11739799  0.85122746 -0.56155515 -0.8414881
 -0.7160486   0.7776086 ]",0.0,False
1,adversary_1,0.0,"[ 0.         -0.          0.48521462 -0.1643142  -0.90291715 -0.3215901
 -0.5282366   0.42909458 -0.11739799 -0.85122746 -0.6789531  -1.6927155
 -0.83344656 -0.07361884]",0.0,False
1,adversary_2,3.0,"[ 1.04002406e-29 -1.00000000e+00 -1.93738505e-01 -1.85702980e+00
 -2.23963991e-01  1.37112546e+00  1.50716498e-01  2.12181020e+00
  5.61555147e-01  8.41488123e-01  6.78953111e-01  1.69271553e+00
 -1.54493451e-01  1.61909676e+00]",0.0,False
1,agent_0,0.0,"[ 5.7957818e-06  2.0687721e-05 -3.4823194e-01 -2.3793304e-01
 -6.9470540e-02 -2.4797125e-01  3.0520993e-01  5.0271344e-01
  7.1604860e-01 -7.7760857e-01  8.3344656e-01  7.3618844e-02
  1.5449345e-01 -1.6190968e+00]",0.0,False
1,adversary_0,2.0,"[ 0.99896    -0.04559507  0.46761286 -1.0219223  -0.88531536  0.536018
 -0.5106349   1.2867028   0.01760176  0.8576081  -0.6613514  -0.93510747
 -0.81584424  0.78399134]",0.0,False
1,adversary_1,0.0,"[ 0.         -0.          0.48521462 -0.1643142  -0.90291715 -0.3215901
 -0.5282366   0.42909458 -0.01760176 -0.8576081  -0.6789531  -1.7927155
 -0.833446   -0.07361678]",0.0,False
1,adversary_2,3.0,"[ 7.4287429e-30 -1.0000000e+00 -1.9373851e-01 -1.9570297e+00
 -2.2396399e-01  1.4711255e+00  1.5071650e-01  2.2218101e+00
  6.6135138e-01  9.3510747e-01  6.7895311e-01  1.7927155e+00
 -1.5449287e-01  1.7190988e+00]",0.0,False
1,agent_0,0.0,"[ 5.8108039e-06  2.0741343e-05 -3.4823138e-01 -2.3793097e-01
 -6.9471121e-02 -2.4797332e-01  3.0520937e-01  5.0271136e-01
  8.1584424e-01 -7.8399134e-01  8.3344603e-01  7.3616780e-02
  1.5449287e-01 -1.7190988e+00]",0.0,False
1,adversary_0,2.0,"[ 0.9994693  -0.03257482  0.5675089  -1.0264817  -0.9852114   0.54057753
 -0.61053085  1.2912621  -0.08229424  0.8621676  -0.7612474  -1.030548
 -0.91573966  0.7885529 ]",0.0,False
1,adversary_1,0.0,"[ 0.         -0.          0.48521462 -0.1643142  -0.90291715 -0.3215901
 -0.5282366   0.42909458  0.08229424 -0.8621676  -0.6789531  -1.8927156
 -0.8334454  -0.0736147 ]",0.0,False
1,adversary_2,3.0,"[ 5.3062451e-30 -1.0000000e+00 -1.9373851e-01 -2.0570297e+00
 -2.2396399e-01  1.5711255e+00  1.5071650e-01  2.3218102e+00
  7.6124740e-01  1.0305480e+00  6.7895311e-01  1.8927156e+00
 -1.5449229e-01  1.8191009e+00]",0.0,False
1,agent_0,0.0,"[ 5.8189298e-06  2.0770347e-05 -3.4823081e-01 -2.3792890e-01
 -6.9471702e-02 -2.4797539e-01  3.0520880e-01  5.0270933e-01
  9.1573966e-01 -7.8855288e-01  8.3344543e-01  7.3614702e-02
  1.5449229e-01 -1.8191009e+00]",0.0,False
1,adversary_0,2.0,"[ 0.9997292  -0.02327025  0.6674558  -1.0297393  -1.0851583   0.543835
 -0.7104778   1.2945197  -0.18224117  0.8654251  -0.8611943  -1.1272905
 -1.015686    0.7918125 ]",0.0,False
1,adversary_1,0.0,"[ 0.         -0.          0.48521462 -0.1643142  -0.90291715 -0.3215901
 -0.5282366   0.42909458  0.18224117 -0.8654251  -0.6789531  -1.9927156
 -0.83344483 -0.07361263]",0.0,False
1,adversary_2,3.0,"[ 3.7901752e-30 -1.0000000e+00 -1.9373851e-01 -2.1570299e+00
 -2.2396399e-01  1.6711254e+00  1.5071650e-01  2.4218102e+00
  8.6119431e-01  1.1272905e+00  6.7895311e-01  1.9927156e+00
 -1.5449171e-01  1.9191029e+00]",0.0,False
1,agent_0,0.0,"[ 5.8218816e-06  2.0780884e-05 -3.4823021e-01 -2.3792683e-01
 -6.9472283e-02 -2.4797747e-01  3.0520821e-01  5.0270724e-01
  1.0156860e+00 -7.9181248e-01  8.3344483e-01  7.3612630e-02
  1.5449171e-01 -1.9191029e+00]",0.0,False
1,adversary_0,2.0,"[ 0.99986184 -0.01662252  0.7674287  -1.0320663  -1.1851312   0.546162
 -0.81045073  1.2968467  -0.2822141   0.86775213 -0.9611672  -1.2249634
 -1.1156584   0.7941416 ]",0.0,False
1,adversary_1,0.0,"[ 0.         -0.          0.48521462 -0.1643142  -0.90291715 -0.3215901
 -0.5282366   0.42909458  0.2822141  -0.86775213 -0.6789531  -2.0927155
 -0.83344424 -0.07361055]",0.0,False
1,adversary_2,3.0,"[ 2.7072679e-30 -1.0000000e+00 -1.9373851e-01 -2.2570298e+00
 -2.2396399e-01  1.7711254e+00  1.5071650e-01  2.5218101e+00
  9.6116722e-01  1.2249634e+00  6.7895311e-01  2.0927155e+00
 -1.5449113e-01  2.0191050e+00]",0.0,False
1,agent_0,0.0,"[ 5.8209553e-06  2.0777577e-05 -3.4822962e-01 -2.3792474e-01
 -6.9472864e-02 -2.4797955e-01  3.0520761e-01  5.0270516e-01
  1.1156584e+00 -7.9414159e-01  8.3344424e-01  7.3610552e-02
  1.5449113e-01 -2.0191050e+00]",0.0,False
1,adversary_0,2.0,"[ 0.9999295  -0.01187357  0.8674149  -1.0337286  -1.2851174   0.54782426
 -0.9104369   1.298509   -0.38220027  0.8694144  -1.0611534  -1.3233012
 -1.215644    0.7958059 ]",0.0,False
1,adversary_1,0.0,"[ 0.         -0.          0.48521462 -0.1643142  -0.90291715 -0.3215901
 -0.5282366   0.42909458  0.38220027 -0.8694144  -0.6789531  -2.1927156
 -0.83344364 -0.07360847]",0.0,False
1,adversary_2,3.0,"[ 1.9337629e-30 -1.0000000e+00 -1.9373851e-01 -2.3570297e+00
 -2.2396399e-01  1.8711255e+00  1.5071650e-01  2.6218102e+00
  1.0611534e+00  1.3233012e+00  6.7895311e-01  2.1927156e+00
 -1.5449055e-01  2.1191070e+00]",0.0,False
1,agent_0,0.0,"[ 5.8171263e-06  2.0763910e-05 -3.4822905e-01 -2.3792267e-01
 -6.9473445e-02 -2.4798162e-01  3.0520704e-01  5.0270307e-01
  1.2156440e+00 -7.9580587e-01  8.3344364e-01  7.3608473e-02
  1.5449055e-01 -2.1191070e+00]",0.0,False
1,adversary_0,2.0,"[ 0.99996406 -0.00848124  0.9674078  -1.0349159  -1.3851104   0.54901165
 -1.0104299   1.2996963  -0.48219323  0.8706017  -1.1611464  -1.4221139
 -1.3156363   0.79699534]",0.0,False
1,adversary_1,0.0,"[ 0.         -0.          0.48521462 -0.1643142  -0.90291715 -0.3215901
 -0.5282366   0.42909458  0.48219323 -0.8706017  -0.6789531  -2.2927155
 -0.8334431  -0.07360639]",0.0,False
1,adversary_2,3.0,"[ 1.3812592e-30 -1.0000000e+00 -1.9373851e-01 -2.4570298e+00
 -2.2396399e-01  1.9711255e+00  1.5071650e-01  2.7218101e+00
  1.1611464e+00  1.4221139e+00  6.7895311e-01  2.2927155e+00
 -1.5448996e-01  2.2191091e+00]",0.0,False
1,agent_0,0.0,"[ 5.8111264e-06  2.0742495e-05 -3.4822845e-01 -2.3792060e-01
 -6.9474027e-02 -2.4798369e-01  3.0520645e-01  5.0270098e-01
  1.3156363e+00 -7.9699534e-01  8.3344311e-01  7.3606394e-02
  1.5448996e-01 -2.2191091e+00]",0.0,False
